"","n","p","sd"
"1",2,2,0.501254707117086
"2",3,2,0.484534693646114
"3",4,2,0.496318101917971
"4",5,2,0.595607877481983
"5",6,2,0.579290850477751
"6",7,2,0.567968255889792
"7",8,2,0.63054574750647
"8",9,2,0.670089621246675
"9",10,2,0.734710143508904
"10",11,2,0.748180372200938
"11",12,2,0.805695804037241
"12",13,2,0.810716538953452
"13",14,2,0.760586919629544
"14",15,2,0.845903519214275
"15",16,2,0.936139297284116
"16",17,2,0.928485555695768
"17",18,2,0.93129563393637
"18",19,2,0.896671679324441
"19",20,2,0.869918843323818
"20",21,2,0.93742671405348
"21",22,2,0.942772027309565
"22",23,2,1.03057528940669
"23",24,2,0.961560185297701
"24",25,2,1.00719771454313
"25",26,2,1.08419434924495
"26",27,2,1.04172981383136
"27",28,2,1.15545461913674
"28",29,2,1.03719761592107
"29",30,2,1.06302639930913
"30",31,2,1.03365478330789
"31",32,2,1.09772492000501
"32",33,2,1.10629764184952
"33",34,2,1.17357847294538
"34",35,2,1.11684228224807
"35",36,2,1.19747431021216
"36",37,2,1.15831058748741
"37",38,2,1.25977584350526
"38",39,2,1.16066174159053
"39",40,2,1.28139959599772
"40",41,2,1.16609342222085
"41",42,2,1.12351521225162
"42",43,2,1.24666388985619
"43",44,2,1.23125135512514
"44",45,2,1.26171893596269
"45",46,2,1.21960534023497
"46",47,2,1.21029918640104
"47",48,2,1.25244484527354
"48",49,2,1.20614007036776
"49",50,2,1.3195095784564
"50",55,2,1.26962978816463
"51",60,2,1.21626332774283
"52",65,2,1.3031079971596
"53",70,2,1.40748180276891
"54",75,2,1.42270709472714
"55",80,2,1.42779303991304
"56",85,2,1.53877031110941
"57",90,2,1.46461616217785
"58",95,2,1.63476674530582
"59",100,2,1.5694876416482
"60",120,2,1.6927201503904
"61",140,2,1.83335236780129
"62",160,2,1.81362099280077
"63",180,2,1.75951112442773
"64",200,2,1.82687227565525
"65",300,2,2.03081784154257
"66",400,2,2.20300730957256
"67",500,2,2.36387702151874
"68",2,3,0.500351635146693
"69",3,3,0.585503262460389
"70",4,3,0.629588682830099
"71",5,3,0.644087918091277
"72",6,3,0.748180372200938
"73",7,3,0.781121471839588
"74",8,3,0.853252718135152
"75",9,3,0.846497364995736
"76",10,3,1.07038714641763
"77",11,3,0.978140477625709
"78",12,3,1.15126105208604
"79",13,3,1.0483775452512
"80",14,3,1.15178471955527
"81",15,3,1.17100652492078
"82",16,3,1.17673212434365
"83",17,3,1.20066982980377
"84",18,3,1.23026123793601
"85",19,3,1.27991833910366
"86",20,3,1.3134021187847
"87",21,3,1.50575946212831
"88",22,3,1.49622640911617
"89",23,3,1.37923400195935
"90",24,3,1.50876001535022
"91",25,3,1.44388330379393
"92",26,3,1.45773797371133
"93",27,3,1.40922124686405
"94",28,3,1.5196452243995
"95",29,3,1.49033738718392
"96",30,3,1.47997521369982
"97",31,3,1.66452039359796
"98",32,3,1.64313709029023
"99",33,3,1.43003496460751
"100",34,3,1.57696196695613
"101",35,3,1.556111310948
"102",36,3,1.5498419436353
"103",37,3,1.64640616687732
"104",38,3,1.65091721118624
"105",39,3,1.5003852101692
"106",40,3,1.60398373404953
"107",41,3,1.7042586327894
"108",42,3,1.69465609976845
"109",43,3,1.76930131285725
"110",44,3,1.73651299647733
"111",45,3,1.77383977227044
"112",46,3,1.88503762142055
"113",47,3,2.00651576810106
"114",48,3,1.82896846012738
"115",49,3,1.91733037812852
"116",50,3,1.90449745412374
"117",55,3,1.79154911772076
"118",60,3,2.08728502940299
"119",65,3,2.00099849447079
"120",70,3,2.17555514777379
"121",75,3,2.21631683238375
"122",80,3,2.21674191633083
"123",85,3,2.38555114624625
"124",90,3,2.19801189291756
"125",95,3,2.41826695701217
"126",100,3,2.23249190379327
"127",120,3,2.54603840461784
"128",140,3,2.46941085073925
"129",160,3,2.68308960887374
"130",180,3,2.88325611577358
"131",200,3,3.20087927618389
"132",300,3,3.20175831089841
"133",400,3,3.68732720402567
"134",500,3,3.97897741970631
"135",2,4,0.49212389664417
"136",3,4,0.597818479702131
"137",4,4,0.687998334694724
"138",5,4,0.724846197513825
"139",6,4,0.857702318016955
"140",7,4,0.924689272813458
"141",8,4,0.973570334377491
"142",9,4,0.951578957608256
"143",10,4,1.09488302764318
"144",11,4,1.10183720491307
"145",12,4,1.26137039618897
"146",13,4,1.18618513558356
"147",14,4,1.29471286663691
"148",15,4,1.34103200341038
"149",16,4,1.43634621601524
"150",17,4,1.40990751327167
"151",18,4,1.47733292213166
"152",19,4,1.5465961977824
"153",20,4,1.40743717337042
"154",21,4,1.51354852770852
"155",22,4,1.76138792921546
"156",23,4,1.68349958546813
"157",24,4,1.57556721859193
"158",25,4,1.66276847305176
"159",26,4,1.69420383459778
"160",27,4,1.7218372797946
"161",28,4,1.79544370294706
"162",29,4,1.78429074630137
"163",30,4,1.6977001883867
"164",31,4,1.85328717872708
"165",32,4,1.71290549246905
"166",33,4,1.83461277115922
"167",34,4,1.88987649486128
"168",35,4,2.09794707024456
"169",36,4,2.01940336479584
"170",37,4,1.964247013911
"171",38,4,2.01439542908626
"172",39,4,2.0235733854326
"173",40,4,2.11743183784973
"174",41,4,2.07340178809472
"175",42,4,1.87509463747766
"176",43,4,2.30672492930941
"177",44,4,2.01969573309233
"178",45,4,2.26215866133329
"179",46,4,2.19867479502344
"180",47,4,2.26353550111858
"181",48,4,2.20495103011975
"182",49,4,2.27629249827179
"183",50,4,2.34333761028557
"184",55,4,2.31629577788616
"185",60,4,2.39961785064742
"186",65,4,2.37858430932833
"187",70,4,2.50314375200788
"188",75,4,2.50506522046712
"189",80,4,2.77418103266713
"190",85,4,2.85065451357735
"191",90,4,2.81710496822714
"192",95,4,2.87913565337807
"193",100,4,3.15438595510582
"194",120,4,3.26620813450237
"195",140,4,3.36686484648142
"196",160,4,3.44087169042232
"197",180,4,3.5506351615241
"198",200,4,3.83307150806369
"199",300,4,4.32289394506753
"200",400,4,5.50704436957268
"201",500,4,5.44677074584464
"202",2,5,0.500627746637677
"203",3,5,0.628550218267739
"204",4,5,0.624057077662696
"205",5,5,0.789122023415388
"206",6,5,0.966772073037916
"207",7,5,0.958838807775573
"208",8,5,1.06793135871866
"209",9,5,1.0320979268719
"210",10,5,1.1403517045413
"211",11,5,1.20614007036776
"212",12,5,1.31977613451151
"213",13,5,1.42058626159525
"214",14,5,1.29413054571273
"215",15,5,1.46097475549063
"216",16,5,1.42616433962503
"217",17,5,1.52697684706
"218",18,5,1.46975367983788
"219",19,5,1.72448375495553
"220",20,5,1.72940864787845
"221",21,5,1.67151722971863
"222",22,5,1.74850258979867
"223",23,5,1.79641602997853
"224",24,5,1.93489511226769
"225",25,5,1.82923632361655
"226",26,5,1.82417462577645
"227",27,5,1.96427899235292
"228",28,5,1.92230363269734
"229",29,5,2.0276914615682
"230",30,5,2.06987849520802
"231",31,5,1.86474835625636
"232",32,5,1.88166904421575
"233",33,5,2.02990209432938
"234",34,5,2.18238148469135
"235",35,5,2.28606769970581
"236",36,5,2.30786289795969
"237",37,5,2.32089048929858
"238",38,5,2.06429322836251
"239",39,5,2.20121026555071
"240",40,5,2.38352279295219
"241",41,5,2.21243629780821
"242",42,5,2.22084686640482
"243",43,5,2.08425540733737
"244",44,5,2.42176064529829
"245",45,5,2.50887369873035
"246",46,5,2.41469537806412
"247",47,5,2.50185358420191
"248",48,5,2.44126995536644
"249",49,5,2.53953167051085
"250",50,5,2.49497484906911
"251",55,5,2.62686162750348
"252",60,5,2.57313136569543
"253",65,5,2.79906660680784
"254",70,5,2.6418310613633
"255",75,5,3.09934342212043
"256",80,5,3.2434704411344
"257",85,5,2.91672959970391
"258",90,5,3.15067193918086
"259",95,5,3.35335652742144
"260",100,5,3.3917428555228
"261",120,5,3.68589597597771
"262",140,5,4.16153419235873
"263",160,5,4.12212744506606
"264",180,5,4.21754828873828
"265",200,5,4.34722807772942
"266",300,5,5.10531302718331
"267",400,5,5.64805075994672
"268",500,5,6.19647938622567
"269",2,6,0.500627746637677
"270",3,6,0.618618171581676
"271",4,6,0.715496102971102
"272",5,6,0.803744377974508
"273",6,6,0.869586628532553
"274",7,6,1.03039242170814
"275",8,6,1.05144074402267
"276",9,6,1.07782584062249
"277",10,6,1.25589064274429
"278",11,6,1.3128567952462
"279",12,6,1.3240716858032
"280",13,6,1.39917420009485
"281",14,6,1.38287262009814
"282",15,6,1.57528014577993
"283",16,6,1.64457384011114
"284",17,6,1.67076547918377
"285",18,6,1.67148716618874
"286",19,6,1.77075630436467
"287",20,6,1.80050244243826
"288",21,6,1.8008303500743
"289",22,6,1.84720350909695
"290",23,6,1.88503762142055
"291",24,6,2.02683008686101
"292",25,6,1.939894573108
"293",26,6,1.94817270395161
"294",27,6,1.91250184747176
"295",28,6,1.98027966148432
"296",29,6,2.2575334518966
"297",30,6,2.30454543201934
"298",31,6,2.32049531188113
"299",32,6,2.14938930207147
"300",33,6,2.21316299721943
"301",34,6,2.3132511003491
"302",35,6,2.13136425038969
"303",36,6,2.3933271977264
"304",37,6,2.31392985131009
"305",38,6,2.55873221591549
"306",39,6,2.47948365511449
"307",40,6,2.49320181220492
"308",41,6,2.53794816821042
"309",42,6,2.4249747447268
"310",43,6,2.60320154645338
"311",44,6,2.63039825404336
"312",45,6,2.40131873317381
"313",46,6,2.59058985153854
"314",47,6,2.56982391904083
"315",48,6,2.68850147870613
"316",49,6,2.65191691358966
"317",50,6,2.66703305690671
"318",55,6,2.69736051888586
"319",60,6,2.92584652527217
"320",65,6,3.14538427080942
"321",70,6,3.32787450840902
"322",75,6,3.15342997433193
"323",80,6,3.39461219578894
"324",85,6,3.59549900087966
"325",90,6,3.59283205995706
"326",95,6,3.54865676335717
"327",100,6,3.71356335125969
"328",120,6,3.91440773804908
"329",140,6,4.29441322238826
"330",160,6,4.53134255233845
"331",180,6,4.64195418907461
"332",200,6,4.79331349604392
"333",300,6,6.03538768618993
"334",400,6,6.71186603923553
"335",500,6,6.82795760276275
"336",2,7,0.501154446148562
"337",3,7,0.650009663631296
"338",4,7,0.810173999550552
"339",5,7,0.817137422860559
"340",6,7,0.956004562550875
"341",7,7,1.03057528940669
"342",8,7,1.07356308079321
"343",9,7,1.15349588808071
"344",10,7,1.27629134526171
"345",11,7,1.26296293567326
"346",12,7,1.54593810455515
"347",13,7,1.50975887455464
"348",14,7,1.40708901548105
"349",15,7,1.52591516324701
"350",16,7,1.62592069008678
"351",17,7,1.63103537113992
"352",18,7,1.70615203714949
"353",19,7,1.78631734253497
"354",20,7,1.76588981371173
"355",21,7,1.81804881879934
"356",22,7,1.89097300204745
"357",23,7,1.91526530956684
"358",24,7,2.14103248469109
"359",25,7,1.99818384876551
"360",26,7,1.91864037915463
"361",27,7,2.00861836561689
"362",28,7,2.05011949645594
"363",29,7,2.11239462583968
"364",30,7,2.18302611415333
"365",31,7,2.43508174720642
"366",32,7,2.1810282946607
"367",33,7,2.37319622060788
"368",34,7,2.44944358362195
"369",35,7,2.44126480934509
"370",36,7,2.23575333273242
"371",37,7,2.37894871422749
"372",38,7,2.41701984365522
"373",39,7,2.63861925214475
"374",40,7,2.71380242797637
"375",41,7,2.58712991672822
"376",42,7,2.64342837388101
"377",43,7,2.58328605349289
"378",44,7,2.69820338513198
"379",45,7,2.77526765425676
"380",46,7,2.6980311079186
"381",47,7,2.60543980604323
"382",48,7,2.78527625543598
"383",49,7,2.62188316993414
"384",50,7,2.91045593831005
"385",55,7,2.84691051799796
"386",60,7,3.01420422925826
"387",65,7,3.28816592888488
"388",70,7,3.4148802373108
"389",75,7,3.68251334316837
"390",80,7,3.6200308169376
"391",85,7,3.70353627017782
"392",90,7,3.62509400328644
"393",95,7,4.0228493114849
"394",100,7,3.86771198254207
"395",120,7,4.084829145231
"396",140,7,4.58207124392693
"397",160,7,4.843012891718
"398",180,7,5.52830769129652
"399",200,7,5.60128305473813
"400",300,7,6.0659607150875
"401",400,7,7.35305631597703
"402",500,7,8.71073386243149
"403",2,8,0.501029091723992
"404",3,8,0.630844532448846
"405",4,8,0.685528809565082
"406",5,8,0.802618203070113
"407",6,8,0.889342255962914
"408",7,8,1.0292090928397
"409",8,8,0.965484750796252
"410",9,8,1.17165004122198
"411",10,8,1.34939964316911
"412",11,8,1.40462266253987
"413",12,8,1.39744921968852
"414",13,8,1.41832940160503
"415",14,8,1.4249746537462
"416",15,8,1.4798393909866
"417",16,8,1.58482121750603
"418",17,8,1.59798082390492
"419",18,8,1.66053814610606
"420",19,8,1.71155546522827
"421",20,8,1.8044890979229
"422",21,8,1.76918770220351
"423",22,8,2.05325455590796
"424",23,8,2.13550977755904
"425",24,8,2.11695714120254
"426",25,8,1.97216815616238
"427",26,8,2.15937828387347
"428",27,8,2.14274515141666
"429",28,8,2.16666731091345
"430",29,8,2.39972779025803
"431",30,8,2.57060597435252
"432",31,8,2.34447924165962
"433",32,8,2.39227714735328
"434",33,8,2.31186039640423
"435",34,8,2.45210913215132
"436",35,8,2.25889642642743
"437",36,8,2.40802677826143
"438",37,8,2.63142489631086
"439",38,8,2.63177338609898
"440",39,8,2.63810023773199
"441",40,8,2.79172773002543
"442",41,8,2.64942868592628
"443",42,8,2.48694581715956
"444",43,8,2.92447220681651
"445",44,8,2.6635403575281
"446",45,8,2.82079499824261
"447",46,8,2.77713202991104
"448",47,8,2.95795919732936
"449",48,8,2.98936137110172
"450",49,8,2.79259609768834
"451",50,8,3.02302304683715
"452",55,8,3.32494757581372
"453",60,8,3.33097236320299
"454",65,8,3.42461896791116
"455",70,8,3.33338525922705
"456",75,8,3.54200919616658
"457",80,8,3.65232424105651
"458",85,8,3.6352683366427
"459",90,8,3.78152079162437
"460",95,8,3.88870287502803
"461",100,8,3.86770873441517
"462",120,8,4.24944572205877
"463",140,8,4.8781741373769
"464",160,8,5.11334838029754
"465",180,8,5.3004195339785
"466",200,8,5.3040138399207
"467",300,8,6.89415854985601
"468",400,8,7.83482754201171
"469",500,8,8.41820084861594
"470",2,9,0.500025124996875
"471",3,9,0.663097649266163
"472",4,9,0.779382567119414
"473",5,9,0.881923434728672
"474",6,9,0.867677544718106
"475",7,9,1.10502506849847
"476",8,9,1.18465905872835
"477",9,9,1.30402353772264
"478",10,9,1.28770763559663
"479",11,9,1.30286695850259
"480",12,9,1.41832940160503
"481",13,9,1.52821865624868
"482",14,9,1.47200850718538
"483",15,9,1.55953865101834
"484",16,9,1.5947148892167
"485",17,9,1.77780142013872
"486",18,9,1.7194132457172
"487",19,9,1.75635958589774
"488",20,9,1.97063237560916
"489",21,9,1.83318790347505
"490",22,9,2.03039714411099
"491",23,9,2.03777763468986
"492",24,9,1.93107359417777
"493",25,9,2.13898957031341
"494",26,9,2.18903158873562
"495",27,9,2.3293571049998
"496",28,9,2.20495103011975
"497",29,9,2.22858880016054
"498",30,9,2.50384628744573
"499",31,9,2.40451313514512
"500",32,9,2.29746965903162
"501",33,9,2.27566876801272
"502",34,9,2.35773078878014
"503",35,9,2.58207485421392
"504",36,9,2.78625033957358
"505",37,9,2.71455688750068
"506",38,9,2.61566598454649
"507",39,9,2.78033293982599
"508",40,9,2.6329187808462
"509",41,9,2.93479815336677
"510",42,9,2.76724832940286
"511",43,9,3.13275770755917
"512",44,9,2.89111878676681
"513",45,9,2.93394190047739
"514",46,9,2.96155856699283
"515",47,9,3.25560591123161
"516",48,9,3.52535325575884
"517",49,9,3.03817834206469
"518",50,9,3.21497360430563
"519",55,9,3.02658239686699
"520",60,9,3.03404054192594
"521",65,9,3.40100118277341
"522",70,9,3.7425168217129
"523",75,9,3.53344039217094
"524",80,9,3.71956324771724
"525",85,9,4.25314249767482
"526",90,9,4.38452910554679
"527",95,9,4.71861224382102
"528",100,9,4.40919265846906
"529",120,9,4.8859119597463
"530",140,9,5.06736280812275
"531",160,9,5.76716576881791
"532",180,9,6.31466348069094
"533",200,9,5.78257432543203
"534",300,9,7.66220083318365
"535",400,9,7.98722440957084
"536",500,9,9.38784496920508
"537",2,10,0.501154446148562
"538",3,10,0.640665483155237
"539",4,10,0.751531100470815
"540",5,10,0.876894933055318
"541",6,10,1.02568766000152
"542",7,10,1.05190662023225
"543",8,10,1.17313949784629
"544",9,10,1.23718557246014
"545",10,10,1.16134344315746
"546",11,10,1.32951610194335
"547",12,10,1.43085173355491
"548",13,10,1.44691666629284
"549",14,10,1.73378344239574
"550",15,10,1.6668132263869
"551",16,10,1.69034354689592
"552",17,10,1.780964393483
"553",18,10,1.83838879642859
"554",19,10,1.82841887375116
"555",20,10,2.03348229676491
"556",21,10,2.00921870362461
"557",22,10,1.98435463478253
"558",23,10,1.98410138134554
"559",24,10,2.08506895876709
"560",25,10,2.31384298229886
"561",26,10,2.20542957221262
"562",27,10,2.29756261500079
"563",28,10,2.13931257451016
"564",29,10,2.35727783554885
"565",30,10,2.26304704094894
"566",31,10,2.317163401911
"567",32,10,2.28210759504825
"568",33,10,2.28844047311591
"569",34,10,2.71418662682324
"570",35,10,2.51115601319652
"571",36,10,2.36481750015624
"572",37,10,2.80870416660021
"573",38,10,2.6992973215544
"574",39,10,2.84966717619363
"575",40,10,2.84309531229149
"576",41,10,2.81809925607411
"577",42,10,2.88295981353056
"578",43,10,3.06534774273974
"579",44,10,2.85241676601355
"580",45,10,2.74729652403136
"581",46,10,2.7947860643936
"582",47,10,3.12350466736248
"583",48,10,3.02681068363597
"584",49,10,3.28923552695133
"585",50,10,2.88123368328368
"586",55,10,3.33140605925761
"587",60,10,3.25822885574079
"588",65,10,3.95465503962255
"589",70,10,4.10464866992506
"590",75,10,3.89107663596268
"591",80,10,3.89473294638003
"592",85,10,3.83570897183075
"593",90,10,4.15016800531759
"594",95,10,4.45310292135054
"595",100,10,4.52859147015025
"596",120,10,4.36753383029759
"597",140,10,4.90184049118339
"598",160,10,5.27666475671649
"599",180,10,5.5992080380413
"600",200,10,5.79169176211378
"601",300,10,7.18322830238752
"602",400,10,7.8518169967692
"603",500,10,9.37481792117993
"604",2,11,0.500627746637677
"605",3,11,0.678751440210582
"606",4,11,0.731196445017363
"607",5,11,0.864951272337111
"608",6,11,1.00745961426345
"609",7,11,0.987751621781335
"610",8,11,1.11359799861196
"611",9,11,1.20625463781752
"612",10,11,1.24196917722862
"613",11,11,1.27045079642253
"614",12,11,1.28379932369416
"615",13,11,1.59996859265657
"616",14,11,1.51368132570198
"617",15,11,1.71014560489736
"618",16,11,1.79137380256118
"619",17,11,1.79715017283437
"620",18,11,1.72733710298155
"621",19,11,1.63792214244866
"622",20,11,2.0161097421674
"623",21,11,2.00992512173336
"624",22,11,1.96214808962732
"625",23,11,2.1258814311472
"626",24,11,2.11574024490711
"627",25,11,2.18501060793396
"628",26,11,2.38225749107204
"629",27,11,2.3370298549042
"630",28,11,2.52146065190307
"631",29,11,2.38807758937274
"632",30,11,2.52142079274173
"633",31,11,2.32510874009504
"634",32,11,2.64753606891028
"635",33,11,2.53418338466964
"636",34,11,2.70599093395994
"637",35,11,2.78111000579294
"638",36,11,2.65837068020373
"639",37,11,2.70521550985755
"640",38,11,2.64196896272458
"641",39,11,2.58265863561964
"642",40,11,2.92955396471217
"643",41,11,3.0908521210454
"644",42,11,2.78132682266438
"645",43,11,2.88851042274588
"646",44,11,2.91485538398524
"647",45,11,3.05882034607261
"648",46,11,3.06905039902553
"649",47,11,3.18191734492739
"650",48,11,3.14023572395609
"651",49,11,3.12869279299915
"652",50,11,3.060819839594
"653",55,11,3.44920062110384
"654",60,11,3.50389589345357
"655",65,11,3.75074866898456
"656",70,11,3.75393930445173
"657",75,11,4.09612821230712
"658",80,11,3.76627456787248
"659",85,11,4.03258087863264
"660",90,11,4.46109930792578
"661",95,11,4.27825811076325
"662",100,11,4.6212068514425
"663",120,11,4.90195069365401
"664",140,11,5.31661848930352
"665",160,11,5.94489773210828
"666",180,11,5.78699807617631
"667",200,11,5.68747190616508
"668",300,11,7.23611822976766
"669",400,11,8.59147643520503
"670",500,11,9.82377257155765
"671",2,12,0.501029091723992
"672",3,12,0.62924937335634
"673",4,12,0.729682935205181
"674",5,12,0.852074028916366
"675",6,12,1.00949014445848
"676",7,12,1.06943605107397
"677",8,12,1.07963096244753
"678",9,12,1.30687205680752
"679",10,12,1.37339216182078
"680",11,12,1.43949146520289
"681",12,12,1.53351175132677
"682",13,12,1.56493453553256
"683",14,12,1.64294593848487
"684",15,12,1.66831995051502
"685",16,12,1.68707025050848
"686",17,12,2.0249449400046
"687",18,12,1.9741037022243
"688",19,12,1.92491597414996
"689",20,12,2.11992225134763
"690",21,12,2.02248665293656
"691",22,12,2.18468285935966
"692",23,12,2.12973681342845
"693",24,12,2.11897386752557
"694",25,12,2.17125464505395
"695",26,12,2.22347005724777
"696",27,12,2.0761326145422
"697",28,12,2.40081644404356
"698",29,12,2.29615693788928
"699",30,12,2.60242928644656
"700",31,12,2.32175639631273
"701",32,12,2.3609894868008
"702",33,12,2.44142947664831
"703",34,12,2.50727083402968
"704",35,12,2.63480759359699
"705",36,12,2.88983228808634
"706",37,12,2.90502510389693
"707",38,12,2.73998404426268
"708",39,12,2.80064152736906
"709",40,12,2.86968210380251
"710",41,12,2.95969151590951
"711",42,12,2.71372835929468
"712",43,12,2.84964954206001
"713",44,12,3.00269560637148
"714",45,12,3.04488614865835
"715",46,12,3.36296336778522
"716",47,12,3.14057575619535
"717",48,12,3.04754617494833
"718",49,12,2.84842811276111
"719",50,12,3.08219069778095
"720",55,12,3.35269710672575
"721",60,12,3.13033464263397
"722",65,12,4.00013818856776
"723",70,12,3.87658542700459
"724",75,12,4.06987955571046
"725",80,12,4.30873834557789
"726",85,12,4.30864504346236
"727",90,12,4.13337622228789
"728",95,12,4.61474314251149
"729",100,12,4.40282001910174
"730",120,12,5.28864337460171
"731",140,12,5.56319338177409
"732",160,12,5.67542307988386
"733",180,12,5.94848065564248
"734",200,12,6.22121512149674
"735",300,12,8.37649109204298
"736",400,12,9.1996818275766
"737",500,12,9.85978966617983
"738",2,13,0.495583509688707
"739",3,13,0.653075445632771
"740",4,13,0.714178024904352
"741",5,13,0.820834236750092
"742",6,13,1.07075092233836
"743",7,13,0.99642577325561
"744",8,13,1.0791654136182
"745",9,13,1.35156711573703
"746",10,13,1.29070897116322
"747",11,13,1.31820458070169
"748",12,13,1.50856016414468
"749",13,13,1.56596976552316
"750",14,13,1.5828144261213
"751",15,13,1.64710039113967
"752",16,13,1.75275088885784
"753",17,13,1.88098124718491
"754",18,13,1.62510919617652
"755",19,13,1.80250384202157
"756",20,13,1.89362856593595
"757",21,13,2.02729490284852
"758",22,13,2.01629043931632
"759",23,13,2.13077474291046
"760",24,13,2.14018737732243
"761",25,13,2.03684034547748
"762",26,13,2.34841976164493
"763",27,13,2.4366341394736
"764",28,13,2.24356141863689
"765",29,13,2.28422600506409
"766",30,13,2.46658064950297
"767",31,13,2.37541321451626
"768",32,13,2.78401304652404
"769",33,13,2.5595961914561
"770",34,13,2.50033163629493
"771",35,13,2.46339533630203
"772",36,13,2.69158375600275
"773",37,13,2.8229808900394
"774",38,13,2.77642624853747
"775",39,13,2.70623698019313
"776",40,13,2.91069333293495
"777",41,13,2.75840879774507
"778",42,13,2.89131431920888
"779",43,13,2.83949177985061
"780",44,13,3.22427585263255
"781",45,13,3.00197171386645
"782",46,13,3.21946029997507
"783",47,13,3.15971819874453
"784",48,13,3.20646332197577
"785",49,13,3.17931442311153
"786",50,13,3.08355583424633
"787",55,13,3.09188839859183
"788",60,13,3.60755419033185
"789",65,13,3.68200499782661
"790",70,13,3.68541877644711
"791",75,13,3.98116166981524
"792",80,13,4.37988779370284
"793",85,13,4.06518494575783
"794",90,13,4.47031245746163
"795",95,13,4.56497205350112
"796",100,13,4.65747359643697
"797",120,13,5.17088631925255
"798",140,13,4.86975074945413
"799",160,13,5.51465612353155
"800",180,13,6.40919565505092
"801",200,13,6.13424156664782
"802",300,13,7.72290042372514
"803",400,13,8.57946010413196
"804",500,13,9.94199761531427
"805",2,14,0.499220497904121
"806",3,14,0.650550597879988
"807",4,14,0.811955267723487
"808",5,14,0.879569904032876
"809",6,14,0.96110280041462
"810",7,14,1.06076676543586
"811",8,14,1.18778329072632
"812",9,14,1.18947435711374
"813",10,14,1.27987907720273
"814",11,14,1.48949419764701
"815",12,14,1.53707122141379
"816",13,14,1.48587148513987
"817",14,14,1.64117864252598
"818",15,14,1.59092906076352
"819",16,14,1.76634506095832
"820",17,14,1.86055997406303
"821",18,14,1.79611529439337
"822",19,14,2.04639037523127
"823",20,14,1.89948419340752
"824",21,14,2.03585325906911
"825",22,14,2.08220505461091
"826",23,14,2.21923976298825
"827",24,14,2.14882812517842
"828",25,14,2.35800784668438
"829",26,14,2.21731423394617
"830",27,14,2.48290132606491
"831",28,14,2.44036408849625
"832",29,14,2.46543441084342
"833",30,14,2.57180303566804
"834",31,14,2.80845367779166
"835",32,14,2.38249478636054
"836",33,14,2.58715419605613
"837",34,14,2.65878178928153
"838",35,14,2.69038395571073
"839",36,14,2.71861256367228
"840",37,14,2.8624716100938
"841",38,14,2.92137762642574
"842",39,14,2.72560444635496
"843",40,14,2.82515619704264
"844",41,14,2.63127211911351
"845",42,14,3.04561221576947
"846",43,14,3.00066575527405
"847",44,14,3.09052694275905
"848",45,14,2.94068241490417
"849",46,14,3.04503880213909
"850",47,14,2.987305638008
"851",48,14,3.35915459572642
"852",49,14,3.09146580185195
"853",50,14,3.29930326130385
"854",55,14,3.37897727680817
"855",60,14,4.20652759076406
"856",65,14,3.67677759285719
"857",70,14,3.45591038409774
"858",75,14,4.63816102441929
"859",80,14,4.0433704036491
"860",85,14,4.42999994328301
"861",90,14,4.82743416350913
"862",95,14,4.68912727198402
"863",100,14,4.54668414159342
"864",120,14,4.97541442934341
"865",140,14,5.37226966998448
"866",160,14,5.44094840978941
"867",180,14,6.40553898186883
"868",200,14,6.6900060466731
"869",300,14,8.58963820088545
"870",400,14,9.64976631581039
"871",500,14,10.2798028548056
"872",2,15,0.500351635146693
"873",3,15,0.670089621246675
"874",4,15,0.726231409608196
"875",5,15,0.970675566436274
"876",6,15,1.02113347209814
"877",7,15,1.07356308079321
"878",8,15,1.1507043942799
"879",9,15,1.32003311973069
"880",10,15,1.39182826873442
"881",11,15,1.48843953901612
"882",12,15,1.60009421833144
"883",13,15,1.51322478377509
"884",14,15,1.44110510359168
"885",15,15,1.7432641363965
"886",16,15,1.62269550548388
"887",17,15,1.70071666832828
"888",18,15,1.85920904996111
"889",19,15,1.87632030566405
"890",20,15,1.97328896686057
"891",21,15,1.96409990637214
"892",22,15,2.19675411532927
"893",23,15,2.13945350651344
"894",24,15,2.32813251448991
"895",25,15,2.18854372085422
"896",26,15,2.43547896499738
"897",27,15,2.52484638071926
"898",28,15,2.41598009076958
"899",29,15,2.47071287497207
"900",30,15,2.50539117197756
"901",31,15,2.43961752501119
"902",32,15,2.47550817076365
"903",33,15,2.66182768660292
"904",34,15,2.53694312155595
"905",35,15,2.84426161254604
"906",36,15,2.60262237293089
"907",37,15,2.73551002107046
"908",38,15,2.63259430292992
"909",39,15,2.75074681499425
"910",40,15,2.90262400779937
"911",41,15,2.66507280675906
"912",42,15,3.11162110959034
"913",43,15,3.14943960876316
"914",44,15,3.00177501927304
"915",45,15,3.43888128940402
"916",46,15,3.09705241614373
"917",47,15,3.35844768520687
"918",48,15,3.0446881003053
"919",49,15,3.20450374022336
"920",50,15,3.38031175155317
"921",55,15,3.29439527091165
"922",60,15,3.25495756404267
"923",65,15,3.70489286697725
"924",70,15,4.1805694353784
"925",75,15,4.0952847012045
"926",80,15,3.99068954130428
"927",85,15,4.500025125558
"928",90,15,4.23766018211648
"929",95,15,4.86624100384863
"930",100,15,4.47244775762933
"931",120,15,5.11546084908217
"932",140,15,5.09005336082839
"933",160,15,5.7052827498978
"934",180,15,6.56315281510128
"935",200,15,6.44770030289714
"936",300,15,8.66738674369756
"937",400,15,9.19986890883226
"938",500,15,10.6832701597653
"939",2,16,0.500351635146693
"940",3,16,0.587965575172509
"941",4,16,0.819961391418575
"942",5,16,0.855076475465483
"943",6,16,1.03408007815652
"944",7,16,1.0677431230799
"945",8,16,1.18529516286686
"946",9,16,1.29703953593903
"947",10,16,1.3447739904635
"948",11,16,1.30245226766578
"949",12,16,1.4960920617684
"950",13,16,1.52512459331218
"951",14,16,1.66546355235445
"952",15,16,1.73289196803041
"953",16,16,1.92343390579187
"954",17,16,1.83377031490838
"955",18,16,2.09689289163633
"956",19,16,2.04948210151299
"957",20,16,1.88214968511698
"958",21,16,1.84120891026963
"959",22,16,2.10927003972998
"960",23,16,1.99355746262402
"961",24,16,2.13060375523208
"962",25,16,2.26420141334666
"963",26,16,2.36574698435185
"964",27,16,2.1635398130409
"965",28,16,2.27593373626283
"966",29,16,2.27681674105796
"967",30,16,2.23714080803486
"968",31,16,2.72112524758882
"969",32,16,2.34475786537463
"970",33,16,2.45550862614354
"971",34,16,2.60181614188645
"972",35,16,2.43830404854805
"973",36,16,2.82236224521518
"974",37,16,2.78327741445749
"975",38,16,2.92923232435569
"976",39,16,3.19591054648054
"977",40,16,3.00033080253213
"978",41,16,2.81246328842595
"979",42,16,2.89200943860231
"980",43,16,3.0013020624975
"981",44,16,2.91762965677112
"982",45,16,3.27383029861363
"983",46,16,3.00233995845418
"984",47,16,3.28302700745186
"985",48,16,3.39855127278799
"986",49,16,3.21579018791079
"987",50,16,3.50454120324275
"988",55,16,3.33668131697579
"989",60,16,3.48374185129039
"990",65,16,3.92637966661811
"991",70,16,3.69883520983941
"992",75,16,4.03550822489136
"993",80,16,3.9398715638582
"994",85,16,4.36728069896103
"995",90,16,4.03844589243568
"996",95,16,4.31637061388175
"997",100,16,4.92153507939225
"998",120,16,5.34498073855064
"999",140,16,5.00728113067441
"1000",160,16,5.67899904479247
"1001",180,16,6.06704376945663
"1002",200,16,6.67026703450153
"1003",300,16,7.83741188949695
"1004",400,16,8.91516549927128
"1005",500,16,9.51287939437158
"1006",2,17,0.500853542821436
"1007",3,17,0.691640682848294
"1008",4,17,0.751480949918527
"1009",5,17,0.896321348512349
"1010",6,17,1.01005000125
"1011",7,17,1.0867405509714
"1012",8,17,1.17165004122198
"1013",9,17,1.28061503753933
"1014",10,17,1.30676631076669
"1015",11,17,1.47665246844436
"1016",12,17,1.51239435446483
"1017",13,17,1.54944470520002
"1018",14,17,1.62579706002994
"1019",15,17,1.72548150733666
"1020",16,17,1.78856642293381
"1021",17,17,1.86309705953993
"1022",18,17,2.01196796082266
"1023",19,17,1.83752072425328
"1024",20,17,2.07472829243667
"1025",21,17,2.08367668862364
"1026",22,17,2.17976071712461
"1027",23,17,2.17661740243501
"1028",24,17,2.08174042956378
"1029",25,17,2.214110754267
"1030",26,17,2.48248133282794
"1031",27,17,2.5026167210065
"1032",28,17,2.39972779025803
"1033",29,17,2.32300598017302
"1034",30,17,2.47325391430462
"1035",31,17,2.47988895844777
"1036",32,17,2.5330726966339
"1037",33,17,2.66750405612573
"1038",34,17,2.64021850778382
"1039",35,17,2.72608375940956
"1040",36,17,2.58328605349289
"1041",37,17,2.87920983018452
"1042",38,17,2.76815614483921
"1043",39,17,2.92732748956378
"1044",40,17,2.8130349854109
"1045",41,17,3.06354804649214
"1046",42,17,2.75268256552271
"1047",43,17,3.11215803554237
"1048",44,17,2.99905764093796
"1049",45,17,3.36849130447767
"1050",46,17,3.30662499298319
"1051",47,17,2.87686579178098
"1052",48,17,3.49756196492535
"1053",49,17,3.5326332228859
"1054",50,17,3.51656167728518
"1055",55,17,3.44017061631349
"1056",60,17,3.64917557977967
"1057",65,17,3.9554808994266
"1058",70,17,4.00965856514557
"1059",75,17,4.43716317994134
"1060",80,17,4.00219788862301
"1061",85,17,4.3109187072482
"1062",90,17,4.46038959922611
"1063",95,17,4.76038668671308
"1064",100,17,4.87852179193369
"1065",120,17,5.1404372846468
"1066",140,17,5.76541194316346
"1067",160,17,6.17883402833809
"1068",180,17,6.73114526532555
"1069",200,17,7.31838567200589
"1070",300,17,7.56508609588754
"1071",400,17,9.40781242762455
"1072",500,17,10.5933502892975
"1073",2,18,0.499220497904121
"1074",3,18,0.649700356136442
"1075",4,18,0.741789226317966
"1076",5,18,0.86818415016226
"1077",6,18,0.92774108327051
"1078",7,18,1.19411244136097
"1079",8,18,1.24323293903577
"1080",9,18,1.32216321908055
"1081",10,18,1.31309600011867
"1082",11,18,1.36911371398034
"1083",12,18,1.50710211462913
"1084",13,18,1.52096735946
"1085",14,18,1.70025123771659
"1086",15,18,1.61724376237309
"1087",16,18,1.62269550548388
"1088",17,18,1.94951353292953
"1089",18,18,1.97709878306319
"1090",19,18,1.90444468224695
"1091",20,18,1.96808071697853
"1092",21,18,2.04647018082478
"1093",22,18,2.04948210151299
"1094",23,18,1.9959695569727
"1095",24,18,2.3897604009334
"1096",25,18,2.46989919026066
"1097",26,18,2.35502243158453
"1098",27,18,2.31134410198675
"1099",28,18,2.3862619787349
"1100",29,18,2.37871634653786
"1101",30,18,2.63790974811421
"1102",31,18,2.64152670184931
"1103",32,18,2.74656477994826
"1104",33,18,2.60534819092955
"1105",34,18,2.51423585002436
"1106",35,18,2.8429406532302
"1107",36,18,2.80125151499312
"1108",37,18,3.170843141998
"1109",38,18,2.77330689895275
"1110",39,18,2.8699797768622
"1111",40,18,2.89011049848744
"1112",41,18,2.81824190537043
"1113",42,18,2.79804310655334
"1114",43,18,3.35413567564779
"1115",44,18,3.22091157233227
"1116",45,18,2.86422659191783
"1117",46,18,3.03247084025303
"1118",47,18,3.06956202987924
"1119",48,18,3.10795704360994
"1120",49,18,3.15935239213489
"1121",50,18,3.23125051636321
"1122",55,18,3.33851816193771
"1123",60,18,3.51986466162847
"1124",65,18,3.91028793809279
"1125",70,18,4.20923846345287
"1126",75,18,3.93508889646925
"1127",80,18,4.38320228960035
"1128",85,18,4.70208977383525
"1129",90,18,4.22535717023785
"1130",95,18,5.07808128605074
"1131",100,18,4.74590275551703
"1132",120,18,5.05385817094824
"1133",140,18,5.59080140064978
"1134",160,18,5.39122682078633
"1135",180,18,6.92407496134695
"1136",200,18,6.58099708350227
"1137",300,18,8.571307459063
"1138",400,18,10.2887947050377
"1139",500,18,10.5456640450355
"1140",2,19,0.501254707117086
"1141",3,19,0.61766296447856
"1142",4,19,0.786043460381193
"1143",5,19,0.918815055126786
"1144",6,19,1.01336545616016
"1145",7,19,1.11864059640244
"1146",8,19,1.21041336018426
"1147",9,19,1.3447739904635
"1148",10,19,1.2623659688046
"1149",11,19,1.51707202785116
"1150",12,19,1.50946760889777
"1151",13,19,1.49900301875989
"1152",14,19,1.78198692108968
"1153",15,19,1.77202578335769
"1154",16,19,1.81296281562923
"1155",17,19,1.83620074224719
"1156",18,19,1.94961019167871
"1157",19,19,1.96705912672705
"1158",20,19,1.99112982749738
"1159",21,19,2.07439523184215
"1160",22,19,2.13586271743731
"1161",23,19,2.19042571755369
"1162",24,19,2.04029138721008
"1163",25,19,2.17918430177567
"1164",26,19,2.25978608851129
"1165",27,19,2.57291165255617
"1166",28,19,2.38099151678772
"1167",29,19,2.54198414965267
"1168",30,19,2.74614393881008
"1169",31,19,2.54889373973934
"1170",32,19,2.65123466070634
"1171",33,19,2.70134435171317
"1172",34,19,2.90872884910023
"1173",35,19,2.62542650280065
"1174",36,19,2.80422778449553
"1175",37,19,2.8930518045342
"1176",38,19,2.79804310655334
"1177",39,19,3.0958555534844
"1178",40,19,2.93171447258148
"1179",41,19,2.87997330389637
"1180",42,19,2.89944978318752
"1181",43,19,3.03659009367167
"1182",44,19,3.17116008448124
"1183",45,19,3.12537032981573
"1184",46,19,3.30128268051729
"1185",47,19,3.14660221948027
"1186",48,19,3.66961926194506
"1187",49,19,3.22433819316765
"1188",50,19,3.19405462142136
"1189",55,19,3.17081144600726
"1190",60,19,3.41760149812701
"1191",65,19,3.6227089450441
"1192",70,19,3.55522122939625
"1193",75,19,4.27821406405634
"1194",80,19,4.16121116887377
"1195",85,19,4.1863141461975
"1196",90,19,4.64342621726413
"1197",95,19,4.60472774308533
"1198",100,19,4.40304828168557
"1199",120,19,5.4032932448135
"1200",140,19,5.83673172125717
"1201",160,19,6.31705038986873
"1202",180,19,6.5106619166537
"1203",200,19,6.59610818711158
"1204",300,19,8.02022568887575
"1205",400,19,9.18702247246341
"1206",500,19,10.3101148071534
"1207",2,20,0.498742136372058
"1208",3,20,0.687578227618849
"1209",4,20,0.756197177232414
"1210",5,20,0.939354530873922
"1211",6,20,1.07403105800896
"1212",7,20,1.11796656758203
"1213",8,20,1.24710720545972
"1214",9,20,1.18396956024975
"1215",10,20,1.28343720347993
"1216",11,20,1.52615390070701
"1217",12,20,1.49424356083454
"1218",13,20,1.635012639602
"1219",14,20,1.8820428866356
"1220",15,20,1.57591801434583
"1221",16,20,1.7977093185412
"1222",17,20,1.93782761859691
"1223",18,20,1.88703590920074
"1224",19,20,2.06368456161528
"1225",20,20,1.94806307617174
"1226",21,20,2.06535796354722
"1227",22,20,2.28334586554655
"1228",23,20,2.27505591073822
"1229",24,20,2.05792987657122
"1230",25,20,2.19395583616792
"1231",26,20,2.21324814168756
"1232",27,20,2.44289555516959
"1233",28,20,2.50225526416375
"1234",29,20,2.36045732729271
"1235",30,20,2.64859401404902
"1236",31,20,2.57283841067355
"1237",32,20,2.48427719182646
"1238",33,20,2.60651965724759
"1239",34,20,2.81317342579836
"1240",35,20,2.76828775336437
"1241",36,20,2.79028735394546
"1242",37,20,2.83807564501621
"1243",38,20,2.78926513619627
"1244",39,20,2.73627686012881
"1245",40,20,2.76327313017729
"1246",41,20,2.60640398030365
"1247",42,20,3.03072623434346
"1248",43,20,3.29701783937634
"1249",44,20,3.07706298000456
"1250",45,20,3.11151209827126
"1251",46,20,2.97863413438654
"1252",47,20,3.06667941152402
"1253",48,20,3.43326909568957
"1254",49,20,3.40054680793616
"1255",50,20,2.95234767327962
"1256",55,20,3.44097391846228
"1257",60,20,3.55513288770564
"1258",65,20,3.44582990273649
"1259",70,20,3.7469954462705
"1260",75,20,3.52418421366694
"1261",80,20,3.95664633891586
"1262",85,20,4.53960516734406
"1263",90,20,4.71816494010225
"1264",95,20,4.38841554034869
"1265",100,20,4.71012754684389
"1266",120,20,5.37946729162921
"1267",140,20,5.26636955038345
"1268",160,20,5.99701558943276
"1269",180,20,6.26861849927456
"1270",200,20,6.74074090435899
"1271",300,20,8.01273954243331
"1272",400,20,9.05321925584885
"1273",500,20,11.006165471769
"1274",2,30,0.498212886627805
"1275",3,30,0.669808342796954
"1276",4,30,0.801365041443811
"1277",5,30,0.885378152182337
"1278",6,30,1.12726600375248
"1279",7,30,1.17339647880945
"1280",8,30,1.18686276210875
"1281",9,30,1.26084242397314
"1282",10,30,1.36015628720678
"1283",11,30,1.42813615048482
"1284",12,30,1.61940959524943
"1285",13,30,1.48756149317596
"1286",14,30,1.61182034486496
"1287",15,30,1.78755468693799
"1288",16,30,1.76438808844119
"1289",17,30,1.95136210641484
"1290",18,30,2.03002586809273
"1291",19,30,1.88554405461913
"1292",20,30,2.2682813984408
"1293",21,30,2.09060473086223
"1294",22,30,2.27426060655604
"1295",23,30,2.08834405798532
"1296",24,30,2.49078200067255
"1297",25,30,2.31107775767282
"1298",26,30,2.47390400076986
"1299",27,30,2.56054328406058
"1300",28,30,2.55841797065351
"1301",29,30,2.47274591533563
"1302",30,30,2.57954360810796
"1303",31,30,2.62683771518332
"1304",32,30,2.70807001683494
"1305",33,30,2.65132942854966
"1306",34,30,2.43961752501119
"1307",35,30,2.69307692362898
"1308",36,30,2.73404002793885
"1309",37,30,2.76935400554718
"1310",38,30,2.87206262442046
"1311",39,30,2.85072061770371
"1312",40,30,2.8817176271127
"1313",41,30,3.04933883599108
"1314",42,30,3.02634579058988
"1315",43,30,3.27935524978179
"1316",44,30,3.04721637534832
"1317",45,30,3.27312415110437
"1318",46,30,3.10616181259608
"1319",47,30,3.39357581084018
"1320",48,30,3.16513275023863
"1321",49,30,3.18720747007258
"1322",50,30,3.50138522480208
"1323",55,30,3.4983089956643
"1324",60,30,3.64477667147448
"1325",65,30,3.97105102348935
"1326",70,30,3.77874244588882
"1327",75,30,4.09919406222723
"1328",80,30,4.24287460628088
"1329",85,30,4.39435167381558
"1330",90,30,4.74118065146744
"1331",95,30,4.88676810505295
"1332",100,30,4.86443353000524
"1333",120,30,5.26078695605372
"1334",140,30,5.34389004415511
"1335",160,30,6.50728042214736
"1336",180,30,7.1382612637355
"1337",200,30,7.46613123229758
"1338",300,30,8.19666404749747
"1339",400,30,10.0103263266404
"1340",500,30,11.1046088037093
"1341",2,40,0.500853542821436
"1342",3,40,0.68139304546793
"1343",4,40,0.840913597459311
"1344",5,40,0.869991047143908
"1345",6,40,0.999685880312652
"1346",7,40,1.02019802984543
"1347",8,40,1.1769989945475
"1348",9,40,1.38535048991203
"1349",10,40,1.50346333844569
"1350",11,40,1.49743499284241
"1351",12,40,1.68289502892841
"1352",13,40,1.63945541883632
"1353",14,40,1.78192347093847
"1354",15,40,1.73106409892091
"1355",16,40,1.68020547917846
"1356",17,40,1.90698267285596
"1357",18,40,2.08795901883193
"1358",19,40,1.86530744363938
"1359",20,40,2.11182361833911
"1360",21,40,2.06033977780365
"1361",22,40,2.18030817055593
"1362",23,40,2.09989231597562
"1363",24,40,2.18893976308901
"1364",25,40,2.24651600725529
"1365",26,40,2.48242060503483
"1366",27,40,2.33603516701002
"1367",28,40,2.58466680880976
"1368",29,40,2.38882974229819
"1369",30,40,2.53846786378662
"1370",31,40,2.6822326258728
"1371",32,40,2.4079798242865
"1372",33,40,2.6769817249617
"1373",34,40,2.94068241490417
"1374",35,40,2.74912503211677
"1375",36,40,2.94078494290249
"1376",37,40,3.03659009367167
"1377",38,40,3.00414704991075
"1378",39,40,2.93931930724611
"1379",40,40,3.22521083413521
"1380",41,40,3.02337626174787
"1381",42,40,3.05290042500982
"1382",43,40,3.19222910098349
"1383",44,40,3.30362599632859
"1384",45,40,3.09345231677828
"1385",46,40,3.18441162335127
"1386",47,40,3.1819055003355
"1387",48,40,3.19402315577048
"1388",49,40,2.95261999317904
"1389",50,40,3.37057545449918
"1390",55,40,3.48950688370969
"1391",60,40,3.84366606825061
"1392",65,40,4.05390499748615
"1393",70,40,4.18510159696087
"1394",75,40,4.5566892680352
"1395",80,40,4.46198628505738
"1396",85,40,4.32562773206178
"1397",90,40,4.83704299387788
"1398",95,40,4.66656018064677
"1399",100,40,4.21758701166971
"1400",120,40,5.40764394772128
"1401",140,40,5.39636021014053
"1402",160,40,5.6642913042939
"1403",180,40,6.64125790288732
"1404",200,40,6.7172451131061
"1405",300,40,9.21479992666375
"1406",400,40,10.2719014694941
"1407",500,40,11.8044270291885
"1408",2,50,0.500627746637677
"1409",3,50,0.669207886967794
"1410",4,50,0.79683734145917
"1411",5,50,0.889695334901068
"1412",6,50,1.10235016188006
"1413",7,50,1.15284223817947
"1414",8,50,1.24568602317828
"1415",9,50,1.35037683182869
"1416",10,50,1.32831551619062
"1417",11,50,1.51760191680475
"1418",12,50,1.63773805281804
"1419",13,50,1.72664603571876
"1420",14,50,1.57032787921542
"1421",15,50,1.90410822715084
"1422",16,50,1.91421553267328
"1423",17,50,1.98713829236035
"1424",18,50,2.14001714171503
"1425",19,50,2.18455059601115
"1426",20,50,2.14993280250253
"1427",21,50,2.33530904629527
"1428",22,50,2.15988437248677
"1429",23,50,2.3161005176892
"1430",24,50,2.22211362102023
"1431",25,50,2.36162260036033
"1432",26,50,2.379899073068
"1433",27,50,2.31967226068359
"1434",28,50,2.6783329398496
"1435",29,50,2.277065024462
"1436",30,50,2.6390191569128
"1437",31,50,2.73002567771899
"1438",32,50,2.48929365776175
"1439",33,50,2.73661199773199
"1440",34,50,2.63352468401314
"1441",35,50,2.90933344694754
"1442",36,50,2.6447587307198
"1443",37,50,2.86954201167781
"1444",38,50,2.84221143287155
"1445",39,50,2.7124133036188
"1446",40,50,2.92573059208934
"1447",41,50,3.13786647742551
"1448",42,50,3.16932137688019
"1449",43,50,3.27598234145234
"1450",44,50,3.12344031429847
"1451",45,50,2.94921418713664
"1452",46,50,2.97561276996586
"1453",47,50,3.43512743613866
"1454",48,50,3.33089316043477
"1455",49,50,3.18662011207697
"1456",50,50,3.69957216051455
"1457",55,50,3.96844019583762
"1458",60,50,3.79443853805744
"1459",65,50,4.0757155551427
"1460",70,50,4.23291422238514
"1461",75,50,4.36609826622715
"1462",80,50,4.44558105929628
"1463",85,50,4.26383353121455
"1464",90,50,4.98550411255285
"1465",95,50,4.59286917255226
"1466",100,50,4.46558869714401
"1467",120,50,5.37658238948821
"1468",140,50,5.56974733961386
"1469",160,50,6.18430498445084
"1470",180,50,6.66935540420045
"1471",200,50,6.84912054655972
"1472",300,50,8.9203679758248
"1473",400,50,9.2903675733655
"1474",500,50,10.7385137887866
"1475",2,60,0.497632586307181
"1476",3,60,0.664517053635845
"1477",4,60,0.795717179119396
"1478",5,60,0.911953009456785
"1479",6,60,1.0754337678094
"1480",7,60,1.05220515033522
"1481",8,60,1.20999813115018
"1482",9,60,1.49369697504759
"1483",10,60,1.46239289003473
"1484",11,60,1.56596174311652
"1485",12,60,1.51123098680426
"1486",13,60,1.78011771955604
"1487",14,60,1.63599584720142
"1488",15,60,1.70659377461591
"1489",16,60,1.83926328926453
"1490",17,60,1.90750962378283
"1491",18,60,1.87603237910149
"1492",19,60,2.1098238750947
"1493",20,60,2.21047642605633
"1494",21,60,2.15223968888039
"1495",22,60,2.11939476522291
"1496",23,60,2.27412250457823
"1497",24,60,2.31433700633561
"1498",25,60,2.11226973113886
"1499",26,60,2.39135797504768
"1500",27,60,2.40131873317381
"1501",28,60,2.58903757753522
"1502",29,60,2.57695625061582
"1503",30,60,2.64052301808661
"1504",31,60,2.61750965307095
"1505",32,60,2.6342115237313
"1506",33,60,2.90537104420806
"1507",34,60,3.02906772064961
"1508",35,60,2.63701902661579
"1509",36,60,2.86706738268992
"1510",37,60,3.13674526448536
"1511",38,60,2.80657877532603
"1512",39,60,3.09773381262324
"1513",40,60,3.07708339358154
"1514",41,60,3.03960044319502
"1515",42,60,3.05105632914538
"1516",43,60,3.19795396272972
"1517",44,60,3.09025051431207
"1518",45,60,3.22978833103914
"1519",46,60,3.3339693698044
"1520",47,60,3.57888489412933
"1521",48,60,3.35395588827619
"1522",49,60,3.4074666756593
"1523",50,60,3.56446730040807
"1524",55,60,3.47391933957734
"1525",60,60,3.82611694205383
"1526",65,60,3.88120066383649
"1527",70,60,4.46200880916492
"1528",75,60,4.48034232360468
"1529",80,60,4.33048966094108
"1530",85,60,4.55589518146792
"1531",90,60,4.6214243274201
"1532",95,60,4.7178054688818
"1533",100,60,4.77110229249249
"1534",120,60,5.15482649377305
"1535",140,60,5.99905980908382
"1536",160,60,6.44336556459394
"1537",180,60,6.9872083411052
"1538",200,60,7.1199327392227
"1539",300,60,8.81882266324871
"1540",400,60,9.97232350963929
"1541",500,60,11.6229618086798
"1542",2,70,0.501154446148562
"1543",3,70,0.708810313343075
"1544",4,70,0.818381783594059
"1545",5,70,0.944582543192771
"1546",6,70,1.1580502588446
"1547",7,70,1.14933889671301
"1548",8,70,1.22388293853464
"1549",9,70,1.35608622485675
"1550",10,70,1.42197399774091
"1551",11,70,1.39481271594534
"1552",12,70,1.54672615838914
"1553",13,70,1.67748915026185
"1554",14,70,1.7114453617135
"1555",15,70,1.89401994651296
"1556",16,70,1.95812955566886
"1557",17,70,1.89086670191796
"1558",18,70,1.89931884113792
"1559",19,70,2.10266640962154
"1560",20,70,2.04963533954839
"1561",21,70,2.07806805330597
"1562",22,70,2.18560273070895
"1563",23,70,2.16689922730766
"1564",24,70,2.30004915831233
"1565",25,70,2.2434662251787
"1566",26,70,2.4890514025271
"1567",27,70,2.4742086700021
"1568",28,70,2.58510907791598
"1569",29,70,2.56214714447663
"1570",30,70,2.59105050386283
"1571",31,70,2.4704840532346
"1572",32,70,2.70929908048884
"1573",33,70,2.56175485550403
"1574",34,70,2.61537299049237
"1575",35,70,2.62142314334836
"1576",36,70,2.74511443592643
"1577",37,70,2.84845016486309
"1578",38,70,3.05329132899212
"1579",39,70,2.87250000546685
"1580",40,70,2.79214619997056
"1581",41,70,3.04140604881506
"1582",42,70,2.9283572838555
"1583",43,70,3.17334612485633
"1584",44,70,3.42017367098492
"1585",45,70,3.22302878871169
"1586",46,70,3.44749198766656
"1587",47,70,3.53295682390798
"1588",48,70,3.32914267564096
"1589",49,70,3.34047434419441
"1590",50,70,3.38690576385974
"1591",55,70,3.78704482977342
"1592",60,70,3.58188841578232
"1593",65,70,3.95304093873521
"1594",70,70,3.39863629169349
"1595",75,70,4.18112232774861
"1596",80,70,4.23742301037367
"1597",85,70,4.37226296293869
"1598",90,70,5.04629572087413
"1599",95,70,4.76317268953707
"1600",100,70,4.3232426644451
"1601",120,70,5.37452580589125
"1602",140,70,5.7126127755711
"1603",160,70,6.11987453479302
"1604",180,70,6.53586741099224
"1605",200,70,6.30421211986568
"1606",300,70,8.76690757004478
"1607",400,70,9.81517131484206
"1608",500,70,10.816124200173
"1609",2,80,0.500025124996875
"1610",3,80,0.665574901681805
"1611",4,80,0.819348313168128
"1612",5,80,0.96208264461811
"1613",6,80,1.13835595107892
"1614",7,80,1.26783755280458
"1615",8,80,1.15697578402667
"1616",9,80,1.3856406460551
"1617",10,80,1.39610909423837
"1618",11,80,1.60988622838439
"1619",12,80,1.55240128470177
"1620",13,80,1.57080781317437
"1621",14,80,1.58887463730318
"1622",15,80,1.81038322937049
"1623",16,80,1.78006126030883
"1624",17,80,1.97623442753202
"1625",18,80,1.95167110459281
"1626",19,80,2.03526695000655
"1627",20,80,2.26300818163584
"1628",21,80,2.05941275720109
"1629",22,80,2.12711024395769
"1630",23,80,2.28076950780623
"1631",24,80,2.72343265514969
"1632",25,80,2.34681437025646
"1633",26,80,2.6309904128985
"1634",27,80,2.50225526416375
"1635",28,80,2.63802404353549
"1636",29,80,2.37641256591045
"1637",30,80,2.64247770893362
"1638",31,80,2.59570092972648
"1639",32,80,2.88804501697957
"1640",33,80,2.87074570530422
"1641",34,80,2.71592641310604
"1642",35,80,3.11323564493671
"1643",36,80,3.10110614079596
"1644",37,80,2.78202684509589
"1645",38,80,3.19390122344534
"1646",39,80,3.04386276013104
"1647",40,80,3.13000955254053
"1648",41,80,3.11194408367173
"1649",42,80,2.84746206313711
"1650",43,80,3.09669949118307
"1651",44,80,3.22328213761896
"1652",45,80,3.20645940400744
"1653",46,80,2.94420049978166
"1654",47,80,3.27284779104018
"1655",48,80,3.15622938323532
"1656",49,80,3.5824811031283
"1657",50,80,3.60554779116459
"1658",55,80,3.64069682435027
"1659",60,80,3.9849938368079
"1660",65,80,3.89804422033904
"1661",70,80,4.42850519830984
"1662",75,80,4.36592274405253
"1663",80,80,4.36113200463011
"1664",85,80,4.54119889865946
"1665",90,80,4.6522026986954
"1666",95,80,5.10469288471267
"1667",100,80,4.57976486636113
"1668",120,80,5.42745671858936
"1669",140,80,5.70638362453417
"1670",160,80,5.96977310747853
"1671",180,80,6.98522309654765
"1672",200,80,7.15808394957378
"1673",300,80,8.76140462798497
"1674",400,80,9.86195038147288
"1675",500,80,11.3444516356928
"1676",2,90,0.493958474848212
"1677",3,90,0.640175070276104
"1678",4,90,0.810964436077757
"1679",5,90,1.01248487798125
"1680",6,90,1.09819404057469
"1681",7,90,1.07730120646328
"1682",8,90,1.29315942811885
"1683",9,90,1.33727954553809
"1684",10,90,1.50413166322018
"1685",11,90,1.53799451744094
"1686",12,90,1.72242087433406
"1687",13,90,1.76165180595574
"1688",14,90,1.6444745307885
"1689",15,90,1.75676009464888
"1690",16,90,1.87015034464018
"1691",17,90,1.94300704628407
"1692",18,90,1.91680612703612
"1693",19,90,2.03872065510401
"1694",20,90,2.36268627459526
"1695",21,90,2.44447896021518
"1696",22,90,2.33373770126196
"1697",23,90,2.22285976337649
"1698",24,90,2.14358338973405
"1699",25,90,2.42461725726373
"1700",26,90,2.49644974043794
"1701",27,90,2.35416342405018
"1702",28,90,2.39997906188522
"1703",29,90,2.73815401998973
"1704",30,90,2.70038151036248
"1705",31,90,2.67746505028121
"1706",32,90,2.61950549631531
"1707",33,90,2.62456505130711
"1708",34,90,2.68241528455121
"1709",35,90,2.85423074852562
"1710",36,90,2.87333521824063
"1711",37,90,3.02976855344384
"1712",38,90,2.92261585178166
"1713",39,90,3.13738600665807
"1714",40,90,3.13027042998271
"1715",41,90,2.88433213401239
"1716",42,90,3.11116888954883
"1717",43,90,3.19163479479037
"1718",44,90,3.26133123233982
"1719",45,90,3.29853020412694
"1720",46,90,3.32853884674212
"1721",47,90,3.3052417635595
"1722",48,90,3.20589908523703
"1723",49,90,3.61370924015226
"1724",50,90,3.77167438125177
"1725",55,90,3.71969834514769
"1726",60,90,3.6399479536839
"1727",65,90,3.95778921588643
"1728",70,90,4.19560669961919
"1729",75,90,4.03557048578372
"1730",80,90,4.17721746245551
"1731",85,90,4.50787975654825
"1732",90,90,4.47634766770981
"1733",95,90,4.76142107498028
"1734",100,90,4.64833411560005
"1735",120,90,5.19783487975387
"1736",140,90,6.06559620205897
"1737",160,90,6.64554106754311
"1738",180,90,6.33136683743335
"1739",200,90,6.38574889458735
"1740",300,90,8.77082733043477
"1741",400,90,9.92990508894103
"1742",500,90,11.4118766926497
"1743",2,100,0.500351635146693
"1744",3,100,0.659659574150822
"1745",4,100,0.810964436077757
"1746",5,100,0.969885762324512
"1747",6,100,1.00030146209799
"1748",7,100,1.24649256660157
"1749",8,100,1.30445699055239
"1750",9,100,1.37365740756814
"1751",10,100,1.34467122506492
"1752",11,100,1.4157672778125
"1753",12,100,1.59143435823879
"1754",13,100,1.72116590144632
"1755",14,100,1.87310373122785
"1756",15,100,2.0098001100637
"1757",16,100,2.00190863701488
"1758",17,100,1.81946482826861
"1759",18,100,2.112412467337
"1760",19,100,1.93403138209665
"1761",20,100,2.09176418052673
"1762",21,100,2.12236238907326
"1763",22,100,2.32366025591622
"1764",23,100,2.1979833150564
"1765",24,100,2.26974308421498
"1766",25,100,2.21631683238375
"1767",26,100,2.56493067094096
"1768",27,100,2.72331733120328
"1769",28,100,2.69792401113324
"1770",29,100,2.79761204705534
"1771",30,100,2.58712991672822
"1772",31,100,2.80429946285823
"1773",32,100,2.72608375940956
"1774",33,100,2.86147517916983
"1775",34,100,2.68608455772641
"1776",35,100,2.54351080913388
"1777",36,100,2.88247171990991
"1778",37,100,2.97212764086064
"1779",38,100,3.0901204217806
"1780",39,100,2.99922938176161
"1781",40,100,3.0136998746845
"1782",41,100,2.99140729221878
"1783",42,100,3.33971081707811
"1784",43,100,3.22190601848654
"1785",44,100,3.05512173967276
"1786",45,100,3.26700806680099
"1787",46,100,3.19748252104086
"1788",47,100,3.30530257701593
"1789",48,100,3.45189118655544
"1790",49,100,3.60730693406909
"1791",50,100,3.37259126774895
"1792",55,100,3.51593643930406
"1793",60,100,3.78241102550069
"1794",65,100,3.48550119681013
"1795",70,100,4.32627824083073
"1796",75,100,3.92581649798859
"1797",80,100,4.05234283002565
"1798",85,100,4.16595437797835
"1799",90,100,4.58514095616914
"1800",95,100,4.71935765580625
"1801",100,100,4.9992738166125
"1802",120,100,5.24958959869949
"1803",140,100,5.55854857958063
"1804",160,100,6.23001125207692
"1805",180,100,7.23564425180602
"1806",200,100,7.41842741601164
"1807",300,100,8.35563782227817
"1808",400,100,10.0491255650985
"1809",500,100,11.1909690797859
"1810",2,150,0.500853542821436
"1811",3,150,0.663779342157751
"1812",4,150,0.877639593615401
"1813",5,150,0.995265172614362
"1814",6,150,1.11774180098462
"1815",7,150,1.245655767641
"1816",8,150,1.23344311159767
"1817",9,150,1.31048151800978
"1818",10,150,1.36414974347139
"1819",11,150,1.46118111514496
"1820",12,150,1.58713420191059
"1821",13,150,1.62405751562879
"1822",14,150,1.54451534087265
"1823",15,150,1.98055243295867
"1824",16,150,1.84810102184233
"1825",17,150,2.05560271272511
"1826",18,150,1.97343538941129
"1827",19,150,1.91685855859746
"1828",20,150,2.06136389449501
"1829",21,150,2.02834189777546
"1830",22,150,2.06647686489973
"1831",23,150,2.45038710919818
"1832",24,150,2.37660287091263
"1833",25,150,2.32940025063066
"1834",26,150,2.5540931775875
"1835",27,150,2.41111329818477
"1836",28,150,2.51087584070523
"1837",29,150,2.542819232317
"1838",30,150,2.66658081938869
"1839",31,150,2.58141794232643
"1840",32,150,2.63516517079802
"1841",33,150,2.8418799072155
"1842",34,150,2.86647578344654
"1843",35,150,2.75986581131808
"1844",36,150,3.23701891518824
"1845",37,150,2.97905586878574
"1846",38,150,2.96705105446452
"1847",39,150,2.98571136612517
"1848",40,150,3.08080456762833
"1849",41,150,3.08169746998021
"1850",42,150,3.21852364794199
"1851",43,150,3.42164261590172
"1852",44,150,3.11333249043206
"1853",45,150,3.29578686435825
"1854",46,150,3.37629930322011
"1855",47,150,3.25670549071701
"1856",48,150,3.56639818022322
"1857",49,150,3.31586334892494
"1858",50,150,3.30875190910106
"1859",55,150,3.65647700944543
"1860",60,150,3.85357303364399
"1861",65,150,3.82895606172401
"1862",70,150,4.23438900566024
"1863",75,150,4.3284700837977
"1864",80,150,4.1935101810048
"1865",85,150,4.62319909253822
"1866",90,150,4.59926802128972
"1867",95,150,4.77974947305041
"1868",100,150,4.98564774298039
"1869",120,150,5.75569632633663
"1870",140,150,5.46233333174896
"1871",160,150,6.33839500633097
"1872",180,150,6.61441816323938
"1873",200,150,7.1404274044057
"1874",300,150,8.38038958809441
"1875",400,150,10.3857156928284
"1876",500,150,10.3308084395693
"1877",2,200,0.500853542821436
"1878",3,200,0.694269436351087
"1879",4,200,0.850288156890794
"1880",5,200,0.996677898907593
"1881",6,200,1.033496772075
"1882",7,200,1.27589755578742
"1883",8,200,1.41776241001667
"1884",9,200,1.3553912450417
"1885",10,200,1.41549217251536
"1886",11,200,1.57166333167784
"1887",12,200,1.64594827641795
"1888",13,200,1.62238579825884
"1889",14,200,1.64966114991768
"1890",15,200,1.81478434285049
"1891",16,200,2.02570789165456
"1892",17,200,1.9796388178772
"1893",18,200,1.93886461102871
"1894",19,200,2.25441498723579
"1895",20,200,2.14709690643626
"1896",21,200,2.16662092465567
"1897",22,200,2.20432990991793
"1898",23,200,2.16629619304007
"1899",24,200,2.45071520685812
"1900",25,200,2.37511702964772
"1901",26,200,2.41972111022247
"1902",27,200,2.5983179715745
"1903",28,200,2.59916878866298
"1904",29,200,2.50545134300405
"1905",30,200,2.57541527119326
"1906",31,200,2.50341977158522
"1907",32,200,2.83904931359516
"1908",33,200,2.73908982425306
"1909",34,200,2.96898117983782
"1910",35,200,3.06918138464629
"1911",36,200,3.07945045022272
"1912",37,200,3.28813536382769
"1913",38,200,3.0229898009559
"1914",39,200,3.02002945175163
"1915",40,200,3.26102305370323
"1916",41,200,2.98353522051614
"1917",42,200,3.25344425147987
"1918",43,200,3.05591115133018
"1919",44,200,3.01299947380442
"1920",45,200,3.09869481358502
"1921",46,200,3.36502480819964
"1922",47,200,3.29098051708288
"1923",48,200,3.56228146645253
"1924",49,200,3.46624425657384
"1925",50,200,3.34880163070449
"1926",55,200,3.5427610389207
"1927",60,200,3.69037523115654
"1928",65,200,3.96801280594465
"1929",70,200,3.84759926454179
"1930",75,200,4.22292142084519
"1931",80,200,4.36499322211911
"1932",85,200,4.66402623315067
"1933",90,200,4.75920425340499
"1934",95,200,4.89076403686802
"1935",100,200,4.66402623315067
"1936",120,200,5.05880991824606
"1937",140,200,6.00450207978402
"1938",160,200,6.24359772589603
"1939",180,200,6.96887552842302
"1940",200,200,6.82244116996167
"1941",300,200,9.11374796722239
"1942",400,200,9.25212321143628
"1943",500,200,11.0653324809774
